{
    "posts": [
        {
            "nickname": "@Le0ndreab0b",
            "content": "One security guard supposedly found a bomb, another one saw someone suspicious. But where's the camera footage? <color=red>Oh right—a banana-shaped balloon just happened to block the only working camera.</color> WTF??",
            "date": "1999-01-23",
            "acceptImpact": {
                "conspiracyToScienceValue": -1,
                "conservatismToProgressValue": 0,
                "communismToCapitalismValue": 1,
                "authoritarianismToDemocracyValue": 0,
                "pacifismToMilitarismValue": 3,
                "profit": 0,
                "victims": 0
            },
            "denyImpact": {
                "conspiracyToScienceValue": 1,
                "conservatismToProgressValue": -2,
                "communismToCapitalismValue": 0,
                "authoritarianismToDemocracyValue": 2,
                "pacifismToMilitarismValue": -1,
                "profit": 0,
                "victims": 0
            },
            "mail": {
                "nickname": "@Pan_Banan",
                "topic": "He-he-he",
                "content": "A most curious tale, indeed, this one of the strange balloon and the purported security breach. It possesses a certain... whimsical absurdity, does it not?",
                "date": "1999-01-18"
            }
        },
        {
            "nickname": "@AntonDemiurge",
            "content": "The Atlanta Olympics was a huge event for our country, <color=red>other countries performance was just pathetic</color>! Let's not allow this terrorist attack to overshadow our celebration of our victory! #Atlanta96 #Olympics #Patriotism",
            "date": "1999-01-19",
            "acceptImpact": {
                "conspiracyToScienceValue": 0,
                "conservatismToProgressValue": 0,
                "communismToCapitalismValue": -2,
                "authoritarianismToDemocracyValue": 1,
                "pacifismToMilitarismValue": 3,
                "profit": 0,
                "victims": 0
            },
            "denyImpact": {
                "conspiracyToScienceValue": 0,
                "conservatismToProgressValue": 0,
                "communismToCapitalismValue": 1,
                "authoritarianismToDemocracyValue": -1,
                "pacifismToMilitarismValue": -3,
                "profit": 0,
                "victims": 0
            }
        },
        {
            "nickname": "@TysonFan86743",
            "content": "Yes, <color=red>he's aggressive, but that's boxing!</color> Mike is a living legend, feared by opponents. And now, suddenly, there's a conspiracy to ruin his career. He just bit a piece off the unfair world of boxing! #Tyson #Boxing #Injustice",
            "date": "1999-01-21",
            "acceptImpact": {
                "conspiracyToScienceValue": -2,
                "conservatismToProgressValue": 0,
                "communismToCapitalismValue": 0,
                "authoritarianismToDemocracyValue": 1,
                "pacifismToMilitarismValue": 0,
                "profit": 0,
                "victims": 0
            },
            "denyImpact": {
                "conspiracyToScienceValue": 2,
                "conservatismToProgressValue": 0,
                "communismToCapitalismValue": 0,
                "authoritarianismToDemocracyValue": -1,
                "pacifismToMilitarismValue": 0,
                "profit": 0,
                "victims": 0
            }
        },
        {
            "nickname": "@Have_a_good_day",
            "content": "Well, Tyson bit an ear - it happens. At least it will be remembered for a long time. #Tyson #Boxing #Scandal",
            "date": "1999-01-22",
            "acceptImpact": {
                "conspiracyToScienceValue": 0,
                "conservatismToProgressValue": 1,
                "communismToCapitalismValue": 0,
                "authoritarianismToDemocracyValue": 1,
                "pacifismToMilitarismValue": 0,
                "profit": 0,
                "victims": 0
            },
            "denyImpact": {
                "conspiracyToScienceValue": -2,
                "conservatismToProgressValue": -2,
                "communismToCapitalismValue": 0,
                "authoritarianismToDemocracyValue": -1,
                "pacifismToMilitarismValue": 0,
                "profit": 0,
                "victims": 0
            }
        },
        {
            "nickname": "@Viktor_Probirka",
            "content": "They say there was a secret twin ship - and that's the one that was <color=red>blown up</color> to hide the treasure in the hold of the 'real' Titanic! Imagine how much money could be laundered! If not an iceberg, then what destroyed that giant? #Titanic #Conspiracy #Secrets",
            "date": "1999-01-20",
            "acceptImpact": {
                "conspiracyToScienceValue": -3,
                "conservatismToProgressValue": -2,
                "communismToCapitalismValue": 0,
                "authoritarianismToDemocracyValue": -2,
                "pacifismToMilitarismValue": 2,
                "profit": 0,
                "victims": 0
            },
            "denyImpact": {
                "conspiracyToScienceValue": 3,
                "conservatismToProgressValue": 2,
                "communismToCapitalismValue": 0,
                "authoritarianismToDemocracyValue": 2,
                "pacifismToMilitarismValue": -2,
                "profit": 0,
                "victims": 0
            }
        },
        {
            "nickname": "@DNDDilemma",
            "content": "It's been ages, and people are still talking about the Titanic. <color=red>Some say it was sunk on purpose...</color> Who knows the real story? ",
            "date": "1999-01-19",
            "acceptImpact": {
                "conspiracyToScienceValue": -1,
                "conservatismToProgressValue": -1,
                "communismToCapitalismValue": 0,
                "authoritarianismToDemocracyValue": -1,
                "pacifismToMilitarismValue": 1,
                "profit": 0,
                "victims": 0
            },
            "denyImpact": {
                "conspiracyToScienceValue": 1,
                "conservatismToProgressValue": 1,
                "communismToCapitalismValue": 0,
                "authoritarianismToDemocracyValue": 1,
                "pacifismToMilitarismValue": -1,
                "profit": 0,
                "victims": 0
            }
        },
        {
            "nickname": "@meowmeowmeow11",
            "content": "Everything disappeared under ash... Our home, our lives... <color=red>The government did nothing to protect us!</color> They just watched as we lost everything! People, we must unite. Sign the petition to punish the guilty. #Montserrat #Volcano #Tragedy",
            "date": "1999-01-20",
            "acceptImpact": {
                "conspiracyToScienceValue": 0,
                "conservatismToProgressValue": 1,
                "communismToCapitalismValue": 0,
                "authoritarianismToDemocracyValue": 1,
                "pacifismToMilitarismValue": 0,
                "profit": 0,
                "victims": 0
            },
            "denyImpact": {
                "conspiracyToScienceValue": 0,
                "conservatismToProgressValue": -1,
                "communismToCapitalismValue": 0,
                "authoritarianismToDemocracyValue": -1,
                "pacifismToMilitarismValue": 0,
                "profit": 0,
                "victims": 0
            }
        },
        {
            "nickname": "@dream446",
            "content": "<color=red>The Montserrat disaster is the result of government inaction!</color> They didn't prepare an evacuation plan, didn't warn people in time! Who will take responsibility for these losses? #Montserrat #Negligence #Accountability",
            "date": "1999-01-18",
            "acceptImpact": {
                "conspiracyToScienceValue": 0,
                "conservatismToProgressValue": 0,
                "communismToCapitalismValue": 1,
                "authoritarianismToDemocracyValue": -2,
                "pacifismToMilitarismValue": 2,
                "profit": 0,
                "victims": 0
            },
            "denyImpact": {
                "conspiracyToScienceValue": 0,
                "conservatismToProgressValue": 0,
                "communismToCapitalismValue": -1,
                "authoritarianismToDemocracyValue": 2,
                "pacifismToMilitarismValue": 0,
                "profit": 0,
                "victims": 0
            }
        },
        {
            "nickname": "@Rumbletide",
            "content": "Radioactive metal from Chornobyl is now in the hands of terrorists! This is the end! <color=red>Everyone is in danger!</color> #Chornobyl #Radiation #Terrorism",
            "date": "1999-01-19",
            "acceptImpact": {
                "conspiracyToScienceValue": -1,
                "conservatismToProgressValue": 0,
                "communismToCapitalismValue": 2,
                "authoritarianismToDemocracyValue": 0,
                "pacifismToMilitarismValue": 1,
                "profit": 0,
                "victims": 0
            },
            "denyImpact": {
                "conspiracyToScienceValue": -2,
                "conservatismToProgressValue": 0,
                "communismToCapitalismValue": -2,
                "authoritarianismToDemocracyValue": 2,
                "pacifismToMilitarismValue": -2,
                "profit": 120,
                "victims": 70
            },
            "mail": {
                "nickname": "@anonym",
                "topic": "Remove the radioactive metal post",
                "content": "The post by @Rumbletide about radioactive metal in terrorists' hands is pure fearmongering. It's baseless and spreads panic. I'm willing to pay 120@ for its removal.",
                "date": "1999-01-23"
            }
        },
        {
            "nickname": "@True_speaker_honest",
            "content": "Reports are surfacing about the <color=red>trade of radioactive materials from the Chornobyl zone</color>. Is there a real threat of these materials falling into the hands of criminals? #Chornobyl #Radiation #Investigation",
            "date": "1999-01-21",
            "acceptImpact": {
                "conspiracyToScienceValue": -1,
                "conservatismToProgressValue": 0,
                "communismToCapitalismValue": 2,
                "authoritarianismToDemocracyValue": 0,
                "pacifismToMilitarismValue": 1,
                "profit": 0,
                "victims": 0
            },
            "denyImpact": {
                "conspiracyToScienceValue": -2,
                "conservatismToProgressValue": 0,
                "communismToCapitalismValue": -2,
                "authoritarianismToDemocracyValue": 2,
                "pacifismToMilitarismValue": -2,
                "profit": 0,
                "victims": 0
            }
        },
        {
            "nickname": "@robomaktod",
            "content": "The Hale-Bopp comet is a sign from the <b>heavens</b>! This is the end of the world, as written in the prophecies! <color=red>Prepare for Judgment Day!</color> #Comet #Apocalypse #DivineSign",
            "date": "1999-01-19",
            "acceptImpact": {
                "conspiracyToScienceValue": -2,
                "conservatismToProgressValue": -2,
                "communismToCapitalismValue": 0,
                "authoritarianismToDemocracyValue": 0,
                "pacifismToMilitarismValue": 0,
                "profit": 100,
                "victims": 0
            },
            "denyImpact": {
                "conspiracyToScienceValue": 2,
                "conservatismToProgressValue": 0,
                "communismToCapitalismValue": 0,
                "authoritarianismToDemocracyValue": 0,
                "pacifismToMilitarismValue": -3,
                "profit": 0,
                "victims": 0
            },
            "mail": {
                    "nickname": "@robomaktod",
                    "topic": "In God We Trust",
                    "content": "",
                    "date": "1999-01-20"
                }
        },
        {
            "nickname": "@Carl_the_Karl",
            "content": "Again with these end-of-the-world stories because of a comet. It's always the same. #Comet #Fearmongering #Funny",
            "date": "1999-01-18",
            "acceptImpact": {
                "conspiracyToScienceValue": -3,
                "conservatismToProgressValue": 2,
                "communismToCapitalismValue": -1,
                "authoritarianismToDemocracyValue": 0,
                "pacifismToMilitarismValue": 0,
                "profit": 0,
                "victims": 0
            },
            "denyImpact": {
                "conspiracyToScienceValue": 3,
                "conservatismToProgressValue": 2,
                "communismToCapitalismValue": 1,
                "authoritarianismToDemocracyValue": 0,
                "pacifismToMilitarismValue": 0,
                "profit": 0,
                "victims": 0
            }
        },
        {
            "nickname": "@Viktor_Probirka",
            "content": "Diana was killed! <color=red>It was an operation by the royal family!</color> They didn't want her to marry a Muslim! The truth is hidden, but we will find it out! #Diana #Conspiracy #RoyalFamily",
            "date": "1999-01-19",
            "acceptImpact": {
                "conspiracyToScienceValue": -3,
                "conservatismToProgressValue": 0,
                "communismToCapitalismValue": 0,
                "authoritarianismToDemocracyValue": 0,
                "pacifismToMilitarismValue": 2,
                "profit": 0,
                "victims": 0
            },
            "denyImpact": {
                "conspiracyToScienceValue": 3,
                "conservatismToProgressValue": 0,
                "communismToCapitalismValue": 0,
                "authoritarianismToDemocracyValue": 0,
                "pacifismToMilitarismValue": -2,
                "profit": 0,
                "victims": 0
            }
        },
        {
            "nickname": "@Pan_Banan",
            "content": "She was a ray of light for millions. Her kindness and compassion for the needy were inspiring, <b>she was the goat</b>. It's a pity that history teaches us to value people only when they are gone... #Diana #Grief #Tragedy",
            "date": "1999-01-20",
            "acceptImpact": {
                "conspiracyToScienceValue": 0,
                "conservatismToProgressValue": 0,
                "communismToCapitalismValue": 0,
                "authoritarianismToDemocracyValue": 2,
                "pacifismToMilitarismValue": 0,
                "profit": 0,
                "victims": 0
            },
            "denyImpact": {
                "conspiracyToScienceValue": 0,
                "conservatismToProgressValue": 2,
                "communismToCapitalismValue": 0,
                "authoritarianismToDemocracyValue": 0,
                "pacifismToMilitarismValue": 0,
                "profit": 0,
                "victims": 0
            }
        },
        {
            "nickname": "@EmSeaMarcy",
            "content": "Imagine this: there's a secret patent for a 'safe phone,' but secret agents burned it down so we'd keep buying these deadly devices! Waves penetrate the brain, <color=red>turning us into obedient biobots</color>. I found a forum on the dark web proving it all! #MobilePhones #CorporateConspiracy",
            "date": "1999-01-19",
            "acceptImpact": {
                "conspiracyToScienceValue": -3,
                "conservatismToProgressValue": -3,
                "communismToCapitalismValue": -1,
                "authoritarianismToDemocracyValue": -1,
                "pacifismToMilitarismValue": 2,
                "profit": 0,
                "victims": 0
            },
            "denyImpact": {
                "conspiracyToScienceValue": 3,
                "conservatismToProgressValue": 2,
                "communismToCapitalismValue": 1,
                "authoritarianismToDemocracyValue": 1,
                "pacifismToMilitarismValue": -2,
                "profit": 0,
                "victims": 0
            }
        },
        {
            "nickname": "@PierMillier",
            "content": "Let's sit in a cave and light torches, because light bulbs probably make your hair fall out too. <color=red>Maybe we should ban all technology</color>, so nothing emits anything? I've always wanted to feel like a caveman. #MobilePhones #Scaremongering #Funny",
            "date": "1999-01-23",
            "acceptImpact": {
                "conspiracyToScienceValue": -2,
                "conservatismToProgressValue": -2,
                "communismToCapitalismValue": 0,
                "authoritarianismToDemocracyValue": 0,
                "pacifismToMilitarismValue": 0,
                "profit": 0,
                "victims": 0
            },
            "denyImpact": {
                "conspiracyToScienceValue": 2,
                "conservatismToProgressValue": 2,
                "communismToCapitalismValue": 0,
                "authoritarianismToDemocracyValue": 0,
                "pacifismToMilitarismValue": 0,
                "profit": 0,
                "victims": 0
            }
        },
        {
            "nickname": "@wamflya",
            "content": "Oh my God, Y2K! When the clock strikes midnight, <color=red>my fridge will turn into an evil robot</color>, and my washing machine will start talking to me! I've already stocked up on canned goods and water, and I recommend you do the same! #Y2K #EndOfTheWorld #Panic",
            "date": "1999-01-22",
            "acceptImpact": {
                "conspiracyToScienceValue": -2,
                "conservatismToProgressValue": -2,
                "communismToCapitalismValue": 0,
                "authoritarianismToDemocracyValue": -1,
                "pacifismToMilitarismValue": 0,
                "profit": 0,
                "victims": 0
            },
            "denyImpact": {
                "conspiracyToScienceValue": 2,
                "conservatismToProgressValue": 1,
                "communismToCapitalismValue": 0,
                "authoritarianismToDemocracyValue": 1,
                "pacifismToMilitarismValue": 0,
                "profit": 80,
                "victims": 0
            },
            "mail": {
                "nickname": "@adalov",
                "topic": "Remove the Y2K panic post",
                "content": "80@ and I will never see this shit by @wamflya here.",
                "date": "1999-01-2"
            }
        },
        {
            "nickname": "@AltRite",
            "content": "Y2K? Seriously? Computers will go crazy, and <color=red>the world will collapse</color>? I hope my old 'NES' survives this 'catastrophe.' Stocking up on popcorn! #Y2K #ComputerApocalypse #Pastafarianism #Funny",
            "date": "1999-01-21",
            "acceptImpact": {
                "conspiracyToScienceValue": -1,
                "conservatismToProgressValue": -2,
                "communismToCapitalismValue": 0,
                "authoritarianismToDemocracyValue": 1,
                "pacifismToMilitarismValue": 0,
                "profit": 0,
                "victims": 0
            },
            "denyImpact": {
                "conspiracyToScienceValue": 1,
                "conservatismToProgressValue": 2,
                "communismToCapitalismValue": 0,
                "authoritarianismToDemocracyValue": 0,
                "pacifismToMilitarismValue": 0,
                "profit": 0,
                "victims": 0
            }
        },
        {
            "nickname": "@Gavdra1",
            "content": "Chechen militants are terrorists! <color=red>They must be destroyed!</color> Let's protect our country from this threat! #Chechnya #War #DefendTheMotherland",
            "date": "1999-01-22",
            "acceptImpact": {
                "conspiracyToScienceValue": 0,
                "conservatismToProgressValue": 1,
                "communismToCapitalismValue": 1,
                "authoritarianismToDemocracyValue": 2,
                "pacifismToMilitarismValue": 2,
                "profit": 0,
                "victims": 0
            },
            "denyImpact": {
                "conspiracyToScienceValue": 0,
                "conservatismToProgressValue": -1,
                "communismToCapitalismValue": -1,
                "authoritarianismToDemocracyValue": -2,
                "pacifismToMilitarismValue": -2,
                "profit": 20,
                "victims": 450
            },
            "mail": {
                "nickname": "@Gavdra1",
                "topic": "Don't remove",
                "content": "Don't remove Chechen militants are terrorists post by Gavdra1 please.",
                "date": "1999-01-23"
            }
        },
        {
            "nickname": "@jmenoandrii",
            "content": "War is always sorrow and loss. #Chechnya #War #Peace",
            "date": "1999-01-23",
            "acceptImpact": {
                "conspiracyToScienceValue": 0,
                "conservatismToProgressValue": 0,
                "communismToCapitalismValue": 0,
                "authoritarianismToDemocracyValue": 2,
                "pacifismToMilitarismValue": -3,
                "profit": 0,
                "victims": 0
            },
            "denyImpact": {
                "conspiracyToScienceValue": 0,
                "conservatismToProgressValue": 0,
                "communismToCapitalismValue": 0,
                "authoritarianismToDemocracyValue": -2,
                "pacifismToMilitarismValue": 1,
                "profit": 0,
                "victims": 512
            }
        }
    ]
}
