{
    "posts": [
        {
            "nickname": "@T1meWarper",
            "content": "Just played Tetris for hours on my brick-sized Game Boy — totally worth it!",
            "date": "1990-03-14"
        },
        {
            "nickname": "@Fedorua",
            "content": "Starting the day with a double espresso and some journaling. Anyone else need a caffeine boost?",
            "date": "1991-07-22"
        },
        {
            "nickname": "@Hlib",
            "content": "Finally got my hands on a brand-new SNES! Cannot stop playing Donkey Kong!",
            "date": "1995-06-09"
        },
        {
            "nickname": "@PixelatedBreeze",
            "content": "Lunch vibes: Tried out this new sushi place downtown—10/10 for freshness and flavor. Highly recommend the salmon roll!",
            "date": "1998-10-26"
        },
        {
            "nickname": "@qwiks",
            "content": "Captured some rad Polaroids at the roller rink tonight—colors are so vibrant!",
            "date": "2001-04-05"
        },
        {
            "nickname": "@GlobalY2Kwatch",
            "content": "Sometimes all you need is a good playlist and a sunset. Serenity found.",
            "date": "2002-02-11"
        },
        {
            "nickname": "@MagicalDrive",
            "content": "Just discovered MP3s—my CD stack suddenly feels outdated. What's next, flying cars?",
            "date": "2004-09-30"
        },
        {
            "nickname": "@MorningHustle",
            "content": "Woke up extra early to catch the bus for work—still managed to spill coffee on my shirt. Typical Monday!",
            "date": "1991-09-02"
          },
          {
            "nickname": "@FeelingsOverflow",
            "content": "It's been a tough day emotionally. Tried writing my thoughts down in a diary—helps more than I expected. Recommend!",
            "date": "1993-04-11"
          },
          {
            "nickname": "@FreshAirFanatic",
            "content": "Just took a long walk in the park after work. The sunset was breathtaking! Sometimes nature is the best therapy.",
            "date": "1995-06-19"
          },
          {
            "nickname": "@noonecares",
            "content": "Local elections are coming up. Planning to read all the candidates' programs carefully—our votes do matter!",
            "date": "1996-10-05"
          },
          {
            "nickname": "@TiredSoul123",
            "content": "Had a long shift at the factory today. Thinking about taking night classes to find a more fulfilling career path.",
            "date": "1998-02-27"
          },
          {
            "nickname": "@sideChar2",
            "content": "Local council proposed new taxes on small businesses. Hard not to feel frustrated when they ignore our real needs.",
            "date": "2001-11-13"
          },
          {
            "nickname": "@__Forsaken",
            "content": "Hiked to the summit of Mount Tamalpais today. Views were incredible! #HikingAdventure #California",
            "date": "2003-08-09"
          },
          {
            "nickname": "@frenGren",
            "content": "Met up with an old friend at the new cafe in town—lost track of time chatting about life. My heart is full!",
            "date": "2004-03-28"
          },
          {
            "nickname": "@AraMoretti",
            "content": "Girls don't sleep on right side of bed. If you do so, you will never get lovely husband",
            "date": "2004-03-28"
          },
          {
            "nickname": "@LordOfTheMysteries",
            "content": "Spent half the day buried in books — can't believe how much I've missed the quiet of a library! Recently found new book to read about boy who stuck in time loop",
            "date": "1992-01-18"
          },
          {
            "nickname": "@LunchBreakPhilosopher",
            "content": "My coworker and I debated whether technology truly improves our quality of life. The verdict's still out. You can still continue debates in comments",
            "date": "2002-05-06"
          },
          {
            "nickname": "@ZorianTheMage",
            "content": "Working on my novel tonight. It's hard to focus, but the story's finally coming together—one page at a time.",
            "date": "2003-01-10"
          },
          {
            "nickname": "@Ibrpr",
            "content": "Spent hours learning to play the guitar. My fingertips hurt, but the joy of creating music is worth it!",
            "date": "1999-09-20"
          }
    ]
}


